<?xml version="1.0" encoding="utf-8" ?>
<!-- this is WIP method. not work yet. -->
<Defs>
	<SizedApparel.SizedApparelBodyDef>
		<defName>Human</defName>
		<bodyParts>
			<li>
				<name>Penis</name>
				<offsets>
					<li>
						<bodyType>Male</bodyType>
						<offsets>
							<South>(0.5,0,0.5)</South>
							<North>(0.5,0,0.5)</North>
							<East>(0.5,0,0.5)</East>
							<West>(0.5,0,0.5)</West>
						</offsets>
					</li>
				</offsets>
			</li>
		</bodyParts>
		
	</SizedApparel.SizedApparelBodyDef>
</Defs>