<?xml version="1.0" encoding="utf-8" ?>
<Defs>
  <Rimworld_Animations.AnimationDef>
    <defName>T_2FxF_GroupLesbianOral</defName>
    <label>Group Lesbian Oral 3</label>
    <sounds>true</sounds>
    <sexTypes>
	  <li>Oral</li>
    </sexTypes>
    <actors>
      <li>
        <defNames>
          <li>Human</li>
        </defNames>
		<requiredGenitals>
          <li>Vagina</li>
        </requiredGenitals>
      </li>
      <li>
        <defNames>
          <li>Human</li>
        </defNames>
		<requiredGenitals>
          <li>Vagina</li>
        </requiredGenitals>
        <initiator>true</initiator>
      </li>
	  <li>
        <defNames>
          <li>Human</li>
        </defNames>
		<requiredGenitals>
          <li>Vagina</li>
        </requiredGenitals>
        <initiator>true</initiator>
      </li>
    </actors>
	
	
  </Rimworld_Animations.AnimationDef>   
<!--  _                             _                 _   _                   _       __ 
 | \ | |                           (_)               | | (_)                 | |     / _|
 |  \| | _____      __   __ _ _ __  _ _ __ ___   __ _| |_ _  ___  _ __     __| | ___| |_ 
 | . ` |/ _ \ \ /\ / /  / _` | '_ \| | '_ ` _ \ / _` | __| |/ _ \| '_ \   / _` |/ _ \  _|
 | |\  |  __/\ V  V /  | (_| | | | | | | | | | | (_| | |_| | (_) | | | | | (_| |  __/ |  
 |_| \_|\___| \_/\_/    \__,_|_| |_|_|_| |_| |_|\__,_|\__|_|\___/|_| |_|  \__,_|\___|_|-->
</Defs>