<?xml version="1.0"?>
<Defs>
  <Rimworld_Animations.AnimationDef>
    <defName>newAnimation</defName>
    <label>New Animation</label>
    <sounds>true</sounds>
    <sexTypes>
      <li>None</li>
      <li>Oral</li>
      <li>Handjob</li>
      <li>Fellatio</li>
    </sexTypes>
    <actors>
      <li>
        <bodyTypeOffset />
      </li>
      <li>
        <bodyTypeOffset />
      </li>
      <li>
        <defNames>
          <li>Human</li>
        </defNames>
        <requiredGender>
          <li>Male</li>
        </requiredGender>
        <requiredGenitals>
          <li>Penis</li>
        </requiredGenitals>
        <bodyTypeOffset>
          <Female>(0, 0)</Female>
        </bodyTypeOffset>
      </li>
    </actors>
    <animationStages>
      <li>
        <stageName>Initial</stageName>
        <stageIndex>0</stageIndex>
        <playTimeTicks>600</playTimeTicks>
        <playTimeTicksQuick>-1</playTimeTicksQuick>
        <isLooping>false</isLooping>
        <animationClips>
          <li Class="Rimworld_Animations.PawnAnimationClip">
            <layer>Pawn</layer>
            <keyframes>
              <li>
                <tickDuration>27</tickDuration>
                <bodyAngle>0</bodyAngle>
                <headAngle>0</headAngle>
                <headBob>0</headBob>
                <bodyOffsetX>0.6057442</bodyOffsetX>
                <bodyOffsetZ>0.193211555</bodyOffsetZ>
                <headFacing>2</headFacing>
                <bodyFacing>2</bodyFacing>
              </li>
              <li>
                <tickDuration>22</tickDuration>
                <bodyAngle>0</bodyAngle>
                <headAngle>0</headAngle>
                <headBob>0</headBob>
                <bodyOffsetX>0.66155076</bodyOffsetX>
                <bodyOffsetZ>0.09000516</bodyOffsetZ>
                <headFacing>2</headFacing>
                <bodyFacing>2</bodyFacing>
              </li>
              <li>
                <tickDuration>2</tickDuration>
                <bodyAngle>0</bodyAngle>
                <headAngle>0</headAngle>
                <headBob>0</headBob>
                <bodyOffsetX>0.6547783</bodyOffsetX>
                <bodyOffsetZ>0.08700001</bodyOffsetZ>
                <headFacing>2</headFacing>
                <bodyFacing>2</bodyFacing>
              </li>
              <li>
                <tickDuration>548</tickDuration>
                <bodyAngle>0</bodyAngle>
                <headAngle>0</headAngle>
                <headBob>0</headBob>
                <bodyOffsetX>0.6052964</bodyOffsetX>
                <bodyOffsetZ>0.0918917656</bodyOffsetZ>
                <headFacing>2</headFacing>
                <bodyFacing>2</bodyFacing>
              </li>
              <li>
                <tickDuration>1</tickDuration>
                <bodyAngle>0</bodyAngle>
                <headAngle>0</headAngle>
                <headBob>0</headBob>
                <bodyOffsetX>0</bodyOffsetX>
                <bodyOffsetZ>0</bodyOffsetZ>
                <headFacing>2</headFacing>
                <bodyFacing>2</bodyFacing>
              </li>
            </keyframes>
          </li>
          <li Class="Rimworld_Animations.PawnAnimationClip">
            <layer>Pawn</layer>
            <keyframes>
              <li>
                <tickDuration>599</tickDuration>
                <bodyAngle>0</bodyAngle>
                <headAngle>0</headAngle>
                <headBob>0</headBob>
                <bodyOffsetX>-0.00522209145</bodyOffsetX>
                <bodyOffsetZ>-0.610965967</bodyOffsetZ>
                <headFacing>0</headFacing>
                <bodyFacing>0</bodyFacing>
              </li>
              <li>
                <tickDuration>1</tickDuration>
                <bodyAngle>0</bodyAngle>
                <headAngle>0</headAngle>
                <headBob>0</headBob>
                <bodyOffsetX>-0.00522209145</bodyOffsetX>
                <bodyOffsetZ>-0.610965967</bodyOffsetZ>
                <headFacing>0</headFacing>
                <bodyFacing>0</bodyFacing>
              </li>
            </keyframes>
          </li>
          <li Class="Rimworld_Animations.PawnAnimationClip">
            <layer>LayingPawn</layer>
            <keyframes>
              <li>
                <tickDuration>599</tickDuration>
                <bodyAngle>0</bodyAngle>
                <headAngle>0</headAngle>
                <headBob>0</headBob>
                <bodyOffsetX>0</bodyOffsetX>
                <bodyOffsetZ>0</bodyOffsetZ>
                <headFacing>2</headFacing>
                <bodyFacing>2</bodyFacing>
              </li>
              <li>
                <tickDuration>1</tickDuration>
                <bodyAngle>0</bodyAngle>
                <headAngle>0</headAngle>
                <headBob>0</headBob>
                <bodyOffsetX>0</bodyOffsetX>
                <bodyOffsetZ>0</bodyOffsetZ>
                <headFacing>2</headFacing>
                <bodyFacing>2</bodyFacing>
              </li>
            </keyframes>
          </li>
        </animationClips>
      </li>
    </animationStages>
  </Rimworld_Animations.AnimationDef>
</Defs>