﻿<?xml version="1.0" encoding="utf-8" ?>

<Defs>
	<SizedApparel.GraphicPointsDef>
		<defName>CommonGraphicPoints</defName>
		<points>
			<li>
				<texturePath>
				SizedApparel/BodyParts/Human/Breasts/Breasts_Female_5_south
				</texturePath>
				<points>
					<li>
						<pointName>nippleR</pointName>
						<point>(0.4,0.45)</point>
					</li>
					<li>
						<pointName>nippleL</pointName>
						<point>(0.6,0.45)</point>
					</li>
				</points>
			</li>
			<li>
				<texturePath>
				SizedApparel/BodyParts/Human/Breasts/Breasts_Female_5_east
				</texturePath>
				<points>
					<li>
						<pointName>nippleR</pointName>
						<point>(0.7,0.43)</point>
					</li>
				</points>
			</li>
		</points>
	</SizedApparel.GraphicPointsDef>
</Defs>
