﻿<?xml version="1.0" encoding="utf-8" ?>
<!--"default" for undefed race -->
<Defs>
	<SizedApparel.SizedApparelBodyDef>
		<defName>default</defName>
		<bodyParts>
			<li>
				<partName>breasts</partName>
				<offsets>
					<li>
						<bodyType>default</bodyType>
						<offsets>
							<!--"(0,0.008,0)" is about torso's depth-->
							<South>(0,0.0113,0)</South>
							<North>(0,0.001,0)</North>
							<East>(0,0.0113,0)</East>
							<West>(0,0.0113,0)</West>
						</offsets>
					</li>
					<!--"default" for undefed bodytype -->
				</offsets>
			</li>
		</bodyParts>

	</SizedApparel.SizedApparelBodyDef>
</Defs>
